<?xml version="1.0" encoding="UTF-8"?>
<GenRun Id="synth_1" LaunchPart="xc7a50ticsg324-1L" LaunchTime="1651149453">
  <File Type="PA-TCL" Name="top.tcl"/>
  <File Type="RDS-PROPCONSTRS" Name="top_drc_synth.rpt"/>
  <File Type="REPORTS-TCL" Name="top_reports.tcl"/>
  <File Type="RDS-RDS" Name="top.vds"/>
  <File Type="RDS-UTIL" Name="top_utilization_synth.rpt"/>
  <File Type="RDS-UTIL-PB" Name="top_utilization_synth.pb"/>
  <File Type="RDS-DCP" Name="top.dcp"/>
  <File Type="VDS-TIMINGSUMMARY" Name="top_timing_summary_synth.rpt"/>
  <File Type="VDS-TIMING-PB" Name="top_timing_summary_synth.pb"/>
  <FileSet Name="sources" Type="DesignSrcs" RelSrcDir="$PSRCDIR/sources_1">
    <Filter Type="Srcs"/>
    <File Path="$PSRCDIR/sources_1/new/clock_enable.vhd">
      <FileInfo>
        <Attr Name="ImportPath" Val="$PPRDIR/../230199/Project/morse_code_decoder/morse_code_decoder/morse_code_decoder.srcs/sources_1/new/clock_enable.vhd"/>
        <Attr Name="ImportTime" Val="1649940620"/>
        <Attr Name="UsedIn" Val="synthesis"/>
        <Attr Name="UsedIn" Val="simulation"/>
      </FileInfo>
    </File>
    <File Path="$PSRCDIR/sources_1/new/counter.vhd">
      <FileInfo>
        <Attr Name="ImportPath" Val="$PPRDIR/../230199/Project/morse_code_decoder/morse_code_decoder/morse_code_decoder.srcs/sources_1/new/counter.vhd"/>
        <Attr Name="ImportTime" Val="1650303986"/>
        <Attr Name="UsedIn" Val="synthesis"/>
        <Attr Name="UsedIn" Val="simulation"/>
      </FileInfo>
    </File>
    <File Path="$PSRCDIR/sources_1/new/d_ff_rst.vhd">
      <FileInfo>
        <Attr Name="ImportPath" Val="$PPRDIR/../230199/Project/morse_code_decoder/morse_code_decoder/morse_code_decoder.srcs/sources_1/new/d_ff_rst.vhd"/>
        <Attr Name="ImportTime" Val="1650307718"/>
        <Attr Name="UsedIn" Val="synthesis"/>
        <Attr Name="UsedIn" Val="simulation"/>
      </FileInfo>
    </File>
    <File Path="$PSRCDIR/sources_1/new/d_ff_rst_7bit.vhd">
      <FileInfo>
        <Attr Name="ImportPath" Val="$PPRDIR/../Project/morse_code_decoder/project_1.srcs/sources_1/new/d_ff_rst_7bit.vhd"/>
        <Attr Name="ImportTime" Val="1650807251"/>
        <Attr Name="UsedIn" Val="synthesis"/>
        <Attr Name="UsedIn" Val="simulation"/>
      </FileInfo>
    </File>
    <File Path="$PSRCDIR/sources_1/new/decoder.vhd">
      <FileInfo>
        <Attr Name="ImportPath" Val="$PPRDIR/../230199/Project/morse_code_decoder/morse_code_decoder/morse_code_decoder.srcs/sources_1/new/decoder.vhd"/>
        <Attr Name="ImportTime" Val="1650489318"/>
        <Attr Name="UsedIn" Val="synthesis"/>
        <Attr Name="UsedIn" Val="simulation"/>
      </FileInfo>
    </File>
    <File Path="$PSRCDIR/sources_1/new/display_control.vhd">
      <FileInfo>
        <Attr Name="ImportPath" Val="$PPRDIR/../Project/morse_code_decoder/project_1.srcs/sources_1/new/display_control.vhd"/>
        <Attr Name="ImportTime" Val="1650740618"/>
        <Attr Name="UsedIn" Val="synthesis"/>
        <Attr Name="UsedIn" Val="simulation"/>
      </FileInfo>
    </File>
    <File Path="$PSRCDIR/sources_1/new/edge_detector.vhd">
      <FileInfo>
        <Attr Name="ImportPath" Val="$PPRDIR/../230199/Project/morse_code_decoder/morse_code_decoder/morse_code_decoder.srcs/sources_1/new/edge_detector.vhd"/>
        <Attr Name="ImportTime" Val="1650489798"/>
        <Attr Name="UsedIn" Val="synthesis"/>
        <Attr Name="UsedIn" Val="simulation"/>
      </FileInfo>
    </File>
    <File Path="$PSRCDIR/sources_1/new/hex_7seg.vhd">
      <FileInfo>
        <Attr Name="ImportPath" Val="$PPRDIR/../Project/morse_code_decoder/project_1.srcs/sources_1/new/hex_7seg.vhd"/>
        <Attr Name="ImportTime" Val="1650747245"/>
        <Attr Name="UsedIn" Val="synthesis"/>
        <Attr Name="UsedIn" Val="simulation"/>
      </FileInfo>
    </File>
    <File Path="$PSRCDIR/sources_1/new/shift_register.vhd">
      <FileInfo>
        <Attr Name="ImportPath" Val="$PPRDIR/../Project/morse_code_decoder/project_1.srcs/sources_1/new/shift_register.vhd"/>
        <Attr Name="ImportTime" Val="1650745968"/>
        <Attr Name="UsedIn" Val="synthesis"/>
        <Attr Name="UsedIn" Val="simulation"/>
      </FileInfo>
    </File>
    <File Path="$PSRCDIR/sources_1/new/shift_register_7bit.vhd">
      <FileInfo>
        <Attr Name="ImportPath" Val="$PPRDIR/../Project/morse_code_decoder/project_1.srcs/sources_1/new/shift_register_7bit.vhd"/>
        <Attr Name="ImportTime" Val="1650738333"/>
        <Attr Name="UsedIn" Val="synthesis"/>
        <Attr Name="UsedIn" Val="simulation"/>
      </FileInfo>
    </File>
    <File Path="$PSRCDIR/sources_1/new/top.vhd">
      <FileInfo>
        <Attr Name="ImportPath" Val="$PPRDIR/../230199/Project/morse_code_decoder/morse_code_decoder/morse_code_decoder.srcs/sources_1/new/top.vhd"/>
        <Attr Name="ImportTime" Val="1650489218"/>
        <Attr Name="UsedIn" Val="synthesis"/>
        <Attr Name="UsedIn" Val="simulation"/>
      </FileInfo>
    </File>
    <Config>
      <Option Name="DesignMode" Val="RTL"/>
      <Option Name="TopModule" Val="top"/>
      <Option Name="TopAutoSet" Val="TRUE"/>
    </Config>
  </FileSet>
  <FileSet Name="constrs_in" Type="Constrs" RelSrcDir="$PSRCDIR/constrs_1">
    <Filter Type="Constrs"/>
    <File Path="$PSRCDIR/constrs_1/new/nexys-a7-50t.xdc">
      <FileInfo>
        <Attr Name="ImportPath" Val="$PPRDIR/../Project/morse_code_decoder/project_1.srcs/constrs_1/new/nexys-a7-50t.xdc"/>
        <Attr Name="ImportTime" Val="1650807912"/>
        <Attr Name="UsedIn" Val="synthesis"/>
        <Attr Name="UsedIn" Val="implementation"/>
      </FileInfo>
    </File>
    <Config>
      <Option Name="ConstrsType" Val="XDC"/>
    </Config>
  </FileSet>
  <FileSet Name="utils" Type="Utils" RelSrcDir="$PSRCDIR/utils_1">
    <Filter Type="Utils"/>
    <Config>
      <Option Name="TopAutoSet" Val="TRUE"/>
    </Config>
  </FileSet>
  <Strategy Version="1" Minor="2">
    <StratHandle Name="Vivado Synthesis Defaults" Flow="Vivado Synthesis 2020"/>
    <Step Id="synth_design"/>
  </Strategy>
</GenRun>
